Year,HomeTeam,AwayTeam,FTR,1H,1D,1A,2H,2D,2A,3H,3D,3A,4H,4D,4A,5H,5D,5A,6H,6D,6A
18,Marseille,Toulouse,H,1.4,4.5,8,1.4,4.5,8.75,1.45,4,7,1.47,4.62,7.79,1.4,4.4,8,1.4,4.8,8.5
18,Angers,Nimes,A,2.3,3.2,3.3,2.3,3.1,3.4,2.2,3.2,3.2,2.3,3.38,3.4,2.25,3.3,3.2,2.3,3.2,3.4
18,Lille,Rennes,H,2.5,3.1,3.1,2.55,3.1,2.95,2.4,3.15,2.9,2.56,3.35,2.97,2.45,3.25,2.88,2.55,3.2,3
18,Montpellier,Dijon,A,1.72,3.5,5.5,1.7,3.6,5.5,1.75,3.4,4.65,1.74,3.79,5.34,1.67,3.5,5,1.67,3.7,5.75
18,Nantes,Monaco,A,3.2,3.25,2.3,3.1,3.25,2.4,3.1,3.1,2.3,3.27,3.4,2.35,3.1,3.3,2.3,3.2,3.3,2.38
18,Nice,Reims,A,1.85,3.5,4.5,1.83,3.5,4.5,1.85,3.4,4.1,1.94,3.52,4.41,1.85,3.6,4,1.87,3.5,4.5
18,St Etienne,Guingamp,H,1.8,3.5,4.75,1.85,3.4,4.6,1.8,3.4,4.35,1.84,3.65,4.81,1.8,3.6,4.4,1.83,3.6,4.6
18,Bordeaux,Strasbourg,A,1.7,3.6,5,1.7,3.8,5,1.75,3.4,4.65,1.8,3.65,5.11,1.8,3.5,4.6,1.75,3.6,5
18,Lyon,Amiens,H,1.2,7,13,1.22,6.75,12,1.25,5.5,10,1.24,6.79,14.34,1.2,6.5,13,1.22,6.5,15
18,Paris SG,Caen,H,1.08,12,23,1.11,9.75,23,1.12,8.5,16,1.12,10.47,23.99,1.07,10,29,1.07,11.5,41
18,Reims,Lyon,H,4.75,4,1.7,5,3.8,1.7,4.9,3.8,1.7,5.06,4.2,1.69,5,3.8,1.67,5.2,4,1.67
18,Amiens,Montpellier,A,3.2,3,2.5,3.1,2.95,2.55,2.85,3.1,2.6,3.19,3.15,2.52,3.1,3.1,2.4,3.3,3,2.5
18,Caen,Nice,D,2.75,3.1,2.75,2.75,3.1,2.75,2.5,3.1,3,2.84,3.23,2.74,2.75,3.2,2.62,2.8,3.1,2.75
18,Dijon,Nantes,H,2.6,3.25,2.8,2.65,3.1,2.85,2.7,3.15,2.7,2.62,3.41,2.88,2.5,3.3,2.8,2.55,3.3,2.9
18,Guingamp,Paris SG,A,13,7,1.2,12.5,6.5,1.22,13,6.5,1.22,11.61,6.45,1.27,12,6,1.22,11.5,6.25,1.25
18,Monaco,Lille,D,1.5,4.33,6.5,1.53,4.33,6,1.45,4.4,7.2,1.53,4.56,6.5,1.5,4,5.8,1.53,4.4,6.25
18,Rennes,Angers,H,1.9,3.3,4.5,1.87,3.4,4.6,1.85,3.4,4.5,1.89,3.47,4.75,1.91,3.5,4,1.9,3.4,4.6
18,Nimes,Marseille,H,4.75,3.8,1.72,4.6,3.8,1.75,4.9,3.8,1.7,4.54,4.11,1.78,4.2,3.9,1.75,4.6,3.9,1.75
18,Strasbourg,St Etienne,D,2.6,3.2,2.8,2.7,3.3,2.65,2.85,3.1,2.6,2.76,3.3,2.77,2.62,3.25,2.7,2.7,3.2,2.8
18,Toulouse,Bordeaux,H,2.6,3.1,2.9,2.6,3.1,2.9,2.5,3.1,3,2.61,3.19,3.04,2.5,3.2,2.88,2.6,3.1,3
18,Lyon,Strasbourg,H,1.28,5.75,11,1.28,5.75,10.5,1.33,5.3,8.8,1.29,6.14,11.25,1.29,5.5,9.5,1.25,6,12
18,Amiens,Reims,H,2.6,3.25,2.8,2.7,3,2.85,2.6,3.05,2.9,2.74,3.16,2.91,2.62,3.1,2.8,2.7,3.1,2.9
18,Montpellier,St Etienne,D,2.4,3.1,3.2,2.4,3.1,3.2,2.4,3.15,3.1,2.48,3.17,3.26,2.4,3.1,3.1,2.45,3.1,3.25
18,Nantes,Caen,D,1.95,3.25,4.33,1.95,3.2,4.5,2,3.25,4,1.98,3.31,4.58,1.95,3.25,4.2,1.95,3.25,4.6
18,Nice,Dijon,A,1.9,3.4,4.33,1.87,3.6,4.2,1.9,3.4,4.3,1.88,3.65,4.56,1.91,3.5,4,1.9,3.5,4.4
18,Paris SG,Angers,H,1.07,13,26,1.08,11.5,29,1.07,12,27,1.08,13.43,35.68,1.05,13,34,1.06,13,51
18,Toulouse,Nimes,H,2.3,3.2,3.3,2.3,3.3,3.2,2.2,3.2,3.5,2.32,3.62,3.15,2.25,3.6,3,2.38,3.4,3.1
18,Bordeaux,Monaco,H,3.1,3.3,2.37,2.95,3.25,2.45,2.9,3.3,2.45,2.99,3.55,2.45,2.88,3.4,2.38,3,3.4,2.45
18,Lille,Guingamp,H,2,3.4,3.9,1.95,3.6,3.9,2.1,3.3,3.6,2.05,3.59,3.88,2.05,3.5,3.5,2.05,3.4,3.9
18,Marseille,Rennes,D,1.5,4.33,6.5,1.5,4.33,6.5,1.5,4.2,6.7,1.5,4.85,6.44,1.44,4.75,6.5,1.45,4.6,7.5
18,Lyon,Nice,A,1.33,5.25,9.5,1.34,5.25,8.75,1.45,4.4,7.2,1.36,5.48,9.39,1.36,4.8,8,1.33,5.25,10
18,Angers,Lille,H,2.45,3.25,3,2.5,3.3,2.85,2.5,3.2,2.95,2.54,3.26,3.06,2.45,3.25,2.9,2.45,3.2,3.13
18,Dijon,Caen,A,1.9,3.4,4.33,1.9,3.4,4.33,2,3.3,4,1.91,3.43,4.59,1.95,3.4,4,1.93,3.4,4.4
18,Guingamp,Toulouse,A,2.04,3.4,3.75,2.05,3.4,3.75,2.2,3.3,3.4,2.08,3.62,3.76,2.05,3.5,3.5,2.05,3.4,3.9
18,Nimes,Paris SG,A,11,7,1.22,12.5,7.5,1.19,12.5,6.5,1.22,12.43,7.4,1.23,10,7,1.22,13,7.5,1.2
18,Reims,Montpellier,A,2.6,3.1,2.9,2.65,2.95,3,2.6,3.2,2.8,2.59,3.19,3.07,2.5,3.2,2.9,2.63,3,3.1
18,Strasbourg,Nantes,A,2.3,3.1,3.4,2.25,3.1,3.5,2.1,3.25,3.7,2.4,3.11,3.48,2.38,3.1,3.2,2.38,3.1,3.4
18,Monaco,Marseille,A,2.8,3.3,2.54,2.7,3.5,2.55,2.6,3.4,2.7,2.71,3.85,2.53,2.6,3.75,2.45,2.7,3.6,2.55
18,Rennes,Bordeaux,H,2.1,3.3,3.75,2.1,3.25,3.7,2.15,3.3,3.5,2.13,3.36,3.86,2.05,3.4,3.6,2.1,3.25,3.9
18,St Etienne,Amiens,D,1.61,3.75,6,1.62,3.75,6,1.65,3.8,5.4,1.65,3.85,6.32,1.62,3.8,5.5,1.65,3.75,6
18,Nice,Rennes,H,2.5,3.25,2.8,2.6,3.1,2.95,2.65,3.1,2.85,2.75,3.14,2.92,2.62,3.1,2.8,2.7,3.13,2.88
18,Paris SG,St Etienne,H,1.25,6,11,1.25,6.25,11,1.25,6.1,11,1.25,6.51,12.83,1.25,6,11,1.25,6.25,13
18,Amiens,Lille,A,3.4,3.1,2.3,3.4,3.1,2.3,3.3,3.1,2.35,3.39,3.19,2.4,3.2,3.2,2.3,3.3,3.13,2.4
18,Caen,Lyon,D,5.5,3.75,1.64,5.5,3.8,1.65,5.2,3.8,1.67,5.3,4,1.7,5,3.7,1.7,5.75,3.8,1.67
18,Dijon,Angers,A,2.14,3.4,3.4,2.15,3.25,3.6,2.1,3.4,3.55,2.15,3.52,3.61,2.15,3.4,3.3,2.15,3.4,3.6
18,Montpellier,Strasbourg,D,1.95,3.4,4.2,1.9,3.3,4.5,1.9,3.35,4.4,1.93,3.47,4.55,1.91,3.5,4,1.91,3.3,4.6
18,Toulouse,Monaco,D,3,3.3,2.4,2.8,3.4,2.5,2.85,3.4,2.45,2.87,3.59,2.51,2.8,3.5,2.4,2.9,3.4,2.5
18,Bordeaux,Nimes,D,1.83,3.4,4.5,1.85,3.5,4.5,1.8,3.6,4.45,1.85,3.67,4.73,1.85,3.7,4,1.85,3.6,4.5
18,Marseille,Guingamp,H,1.28,5.75,10,1.33,5.5,8.75,1.3,5.7,9.1,1.32,6.11,9.28,1.29,5.8,9,1.29,6,11
18,Nantes,Reims,D,1.9,3.25,4.33,1.95,3.3,4.25,1.93,3.35,4.2,1.93,3.67,4.21,1.91,3.5,4,1.95,3.3,4.4
18,Monaco,Nimes,D,1.75,4,4.33,1.75,3.8,4.6,1.6,4,5.5,1.84,3.71,4.63,1.85,3.7,4,1.83,3.9,4.2
18,Angers,Toulouse,D,2.14,3.2,3.6,2.2,3.2,3.5,2.15,3.25,3.55,2.2,3.36,3.61,2.15,3.25,3.5,2.15,3.25,3.7
18,Lille,Nantes,H,1.85,3.5,4.5,1.83,3.5,4.6,1.87,3.5,4.35,1.9,3.61,4.41,1.88,3.5,4.2,1.87,3.5,4.5
18,Montpellier,Nice,H,2.2,3,3.75,2.25,3.1,3.5,2.3,3,3.55,2.33,3.06,3.66,2.3,3,3.4,2.3,3.1,3.6
18,Reims,Dijon,D,2.04,3.3,3.8,2.2,3.25,3.5,2.1,3.35,3.55,2.17,3.44,3.6,2.1,3.3,3.5,2.15,3.3,3.7
18,St Etienne,Caen,H,1.64,3.5,6.5,1.65,3.6,6,1.67,3.6,5.5,1.7,3.72,5.8,1.7,3.6,5.25,1.67,3.6,6
18,Strasbourg,Amiens,H,1.8,3.3,5.25,1.8,3.5,4.75,1.8,3.35,5,1.81,3.42,5.45,1.83,3.3,4.75,1.8,3.4,5.25
18,Guingamp,Bordeaux,A,2.25,3.1,3.5,2.5,3.2,3,2.4,3.2,3.1,2.45,3.28,3.17,2.35,3.2,3.1,2.45,3.2,3.1
18,Lyon,Marseille,H,1.95,3.5,3.8,2.1,3.7,3.25,2,3.8,3.45,2.04,3.85,3.58,2.05,3.7,3.3,2.1,3.75,3.4
18,Rennes,Paris SG,A,7.5,4.5,1.4,8,5.25,1.36,6.8,5,1.42,7.11,5.34,1.43,7,5,1.4,8,5,1.4
18,Monaco,Angers,A,1.75,3.8,4.75,1.75,3.7,4.75,1.8,3.5,4.7,1.76,3.83,5.01,1.75,3.75,4.5,1.73,3.8,5
18,Nantes,Nice,A,2.4,3.2,3.1,2.4,3.1,3.2,2.3,3.2,3.25,2.36,3.31,3.34,2.3,3.2,3.2,2.3,3.2,3.4
18,Toulouse,St Etienne,A,2.6,3,3,2.45,3.1,3.1,2.6,3.1,2.9,2.61,3.22,3.02,2.55,3.1,2.88,2.6,3.13,3
18,Amiens,Rennes,H,3.25,3.1,2.4,3.2,3.2,2.35,3.2,3.15,2.35,3.25,3.35,2.39,3.1,3.25,2.35,3.3,3.13,2.4
18,Bordeaux,Lille,H,2.45,3.2,3,2.5,3.1,3.1,2.45,3.2,3,2.53,3.32,3.05,2.45,3.25,2.9,2.5,3.25,3
18,Caen,Montpellier,D,3,3,2.6,2.9,3,2.7,3,3,2.6,3.07,3.14,2.63,3,3.1,2.5,3,3.1,2.6
18,Dijon,Lyon,A,5.75,4.2,1.57,5.5,4.1,1.6,5.3,3.8,1.67,5.56,4.51,1.59,5.25,4.33,1.57,6,4.33,1.55
18,Marseille,Strasbourg,H,1.44,4.5,7.5,1.42,4.75,7.5,1.45,4.5,7,1.43,4.94,7.75,1.44,4.75,6.5,1.44,4.8,8
18,Nimes,Guingamp,D,1.95,3.6,3.8,1.95,3.6,3.9,1.93,3.65,3.9,1.95,3.85,3.93,1.91,3.7,3.75,1.95,3.6,4
18,Paris SG,Reims,H,1.12,9,21,1.14,8.25,19.5,1.12,9,20,1.13,9.38,22.41,1.12,8.5,19,1.12,9,29
18,St Etienne,Monaco,H,1.95,3.4,4,2.05,3.4,3.7,2.1,3.4,3.5,2.05,3.51,3.97,2.05,3.4,3.6,2,3.6,3.8
18,Angers,Guingamp,A,2.14,3.2,3.7,2.15,3.1,3.8,2.1,3.2,3.8,2.15,3.23,3.99,2.15,3.2,3.6,2.15,3.25,3.8
18,Caen,Amiens,H,2.14,3.25,3.6,2.05,3.4,3.75,2.1,3.2,3.8,2.16,3.26,3.92,2.1,3.2,3.7,2.1,3.25,3.9
18,Lyon,Nantes,D,1.3,5.75,9.5,1.33,5.25,9,1.35,5.3,8,1.32,5.55,10.77,1.32,5.5,8.5,1.3,5.5,10.5
18,Nice,Paris SG,A,7.5,5.5,1.36,8.75,5.5,1.33,8,5.3,1.35,8.59,5.54,1.36,8.5,5.5,1.32,9,5.5,1.33
18,Reims,Bordeaux,D,2.3,3.25,3.25,2.4,3.1,3.2,2.35,3.15,3.2,2.41,3.26,3.3,2.38,3.2,3.1,2.4,3.13,3.3
18,Strasbourg,Dijon,H,1.95,3.5,4,1.91,3.5,4.1,1.95,3.4,4.05,1.91,3.9,4.05,1.91,3.6,3.9,1.93,3.5,4.2
18,Lille,Marseille,H,3.1,3.4,2.3,2.95,3.5,2.35,2.95,3.3,2.4,2.89,3.6,2.49,2.75,3.5,2.45,2.88,3.6,2.4
18,Montpellier,Nimes,H,1.85,3.6,4.33,1.87,3.4,4.5,1.9,3.3,4.5,1.95,3.52,4.34,1.91,3.5,4,1.9,3.5,4.4
18,Rennes,Toulouse,D,1.95,3.5,4,1.95,3.4,4.1,2.05,3.3,3.8,1.95,3.57,4.25,1.95,3.4,4,1.93,3.5,4.2
18,Toulouse,Nice,D,2.37,3.3,3.1,2.4,3.2,3.1,2.35,3.25,3.15,2.37,3.41,3.22,2.35,3.3,3,2.38,3.25,3.2
18,Amiens,Dijon,H,2.4,3.25,3.1,2.45,3.35,3,2.45,3.25,3,2.53,3.36,3.01,2.4,3.25,3,2.45,3.25,3.1
18,Angers,Strasbourg,D,2.37,3.1,3.3,2.35,3.2,3.2,2.3,3.15,3.3,2.35,3.36,3.31,2.3,3.3,3.1,2.38,3.2,3.3
18,Guingamp,Montpellier,D,2.8,3.1,2.7,2.7,3,2.85,2.75,3.05,2.8,2.81,3.08,2.91,2.7,3,2.8,2.8,3.1,2.8
18,Lille,St Etienne,H,2,3.4,3.9,2,3.4,3.9,1.97,3.5,3.85,2,3.69,3.91,1.95,3.6,3.7,2,3.4,4
18,Nimes,Reims,D,2.3,3.3,3.2,2.3,3.25,3.25,2.25,3.3,3.25,2.33,3.33,3.39,2.25,3.3,3.2,2.25,3.3,3.4
18,Bordeaux,Nantes,H,2.25,3.2,3.4,2.15,3.25,3.6,2.3,3.15,3.35,2.35,3.18,3.51,2.35,3.1,3.2,2.38,3.2,3.3
18,Marseille,Caen,H,1.33,5.25,9,1.3,5.75,9.75,1.4,4.8,7.5,1.34,5.53,9.55,1.33,5.25,8.5,1.3,5.5,10.5
18,Monaco,Rennes,A,2,3.5,3.75,2.15,3.3,3.5,2.2,3.25,3.4,2.11,3.59,3.65,2.05,3.5,3.5,2.1,3.5,3.6
18,Paris SG,Lyon,H,1.33,5.5,8.5,1.34,6,7.5,1.35,5.3,8,1.33,6.1,8.61,1.32,6,7.5,1.3,6,9
18,Lyon,Nimes,H,1.3,5.5,9.5,1.35,5.25,8.5,1.37,5,8,1.34,5.7,9.04,1.33,5.5,8,1.3,5.75,10
18,Caen,Guingamp,D,2.1,3.25,3.75,2.1,3.2,3.8,2.15,3.15,3.65,2.19,3.32,3.72,2.15,3.2,3.5,2.15,3.2,3.75
18,Dijon,Lille,A,3.3,3.5,2.14,3.3,3.4,2.2,3.25,3.45,2.2,3.32,3.51,2.27,3.2,3.4,2.2,3.3,3.5,2.2
18,Nantes,Toulouse,H,2,3.3,4,2,3.3,4,2,3.35,4,2.04,3.47,4.05,2,3.3,3.9,2,3.3,4.2
18,Paris SG,Amiens,H,1.08,11,26,1.09,11,26,1.1,9.1,28,1.11,10.93,25.53,1.08,11,23,1.07,12,36
18,Reims,Angers,D,2.25,3.1,3.5,2.2,3,3.75,2.25,3,3.65,2.28,3.11,3.77,2.25,3,3.5,2.25,3.1,3.75
18,Strasbourg,Monaco,H,2.7,3.25,2.7,2.7,3.3,2.65,2.55,3.4,2.7,2.62,3.52,2.78,2.55,3.4,2.7,2.63,3.4,2.75
18,Montpellier,Bordeaux,H,2.14,3.25,3.6,2.1,3.2,3.8,2.1,3.1,4,2.14,3.19,4.08,2.1,3.1,3.8,2.1,3.13,4.1
18,Nice,Marseille,A,3.5,3.5,2.04,3.4,3.4,2.15,3.3,3.6,2.1,3.34,3.84,2.15,3.2,3.7,2.1,3.4,3.6,2.15
18,St Etienne,Rennes,D,2.14,3.2,3.75,2.25,3.2,3.4,2.2,3.3,3.45,2.23,3.32,3.64,2.2,3.2,3.4,2.25,3.3,3.4
18,Nimes,St Etienne,D,2.62,3.3,2.7,2.7,3.3,2.65,2.65,3.3,2.7,2.74,3.38,2.75,2.62,3.3,2.62,2.7,3.3,2.75
18,Amiens,Nantes,A,3,3.2,2.5,3,3,2.6,3,3.1,2.55,3.07,3.23,2.57,3,3.1,2.45,3.1,3.1,2.55
18,Angers,Lyon,A,3.8,3.6,1.95,4,3.75,1.87,3.85,3.6,1.95,4.08,3.59,1.99,3.6,3.6,2,4,3.7,1.93
18,Guingamp,Strasbourg,D,2.37,3.2,3.2,2.3,3.2,3.3,2.25,3.25,3.3,2.3,3.4,3.36,2.25,3.3,3.2,2.25,3.3,3.4
18,Lille,Caen,H,1.5,4,7.5,1.48,4.1,7.5,1.5,4.2,7.1,1.5,4.21,7.84,1.5,4,7,1.5,4.1,7.5
18,Monaco,Dijon,D,1.66,4,5,1.7,3.8,5,1.7,4,4.75,1.71,4.24,4.83,1.67,4.2,4.6,1.67,4,5.25
18,Toulouse,Montpellier,A,2.8,3.1,2.7,2.75,3,2.8,2.85,3,2.7,2.93,3.09,2.78,2.88,3,2.62,2.9,3,2.75
18,Bordeaux,Nice,A,2.3,3.3,3.25,2.25,3.3,3.3,2.3,3.2,3.25,2.37,3.29,3.35,2.3,3.2,3.2,2.3,3.25,3.4
18,Marseille,Paris SG,A,6,5,1.44,6,4.75,1.48,5.9,4.95,1.47,5.95,5.21,1.49,6,4.8,1.47,7,5,1.44
18,Rennes,Reims,A,1.7,3.4,5.75,1.72,3.4,5.75,1.7,3.6,5.2,1.74,3.73,5.41,1.73,3.7,4.8,1.73,3.6,5.4
18,Paris SG,Lille,H,1.16,8,15,1.17,7.75,14.5,1.25,6.1,11,1.2,7.69,13.81,1.17,7.5,13,1.18,8,15
18,Caen,Rennes,A,3.5,3.25,2.2,3.4,3.2,2.25,2.95,3.2,2.5,3.65,3.29,2.24,3.5,3.1,2.2,3.75,3.13,2.2
18,Dijon,Nimes,A,2.14,3.4,3.4,2.25,3.4,3.25,2.2,3.35,3.3,2.25,3.46,3.44,2.2,3.4,3.2,2.2,3.4,3.4
18,Lyon,Bordeaux,D,1.44,4.75,7,1.42,4.75,7.5,1.55,4,6.2,1.45,4.86,7.26,1.44,4.75,6.5,1.44,4.8,7
18,Nice,Amiens,H,1.72,3.6,5.25,1.72,3.6,5.25,1.75,3.6,4.95,1.71,3.89,5.35,1.73,3.6,5,1.7,3.6,5.75
18,Reims,Monaco,H,2.5,3.3,2.87,2.65,3.2,2.75,2.65,3.3,2.65,2.58,3.36,2.95,2.5,3.25,2.88,2.6,3.25,2.88
18,Strasbourg,Toulouse,D,1.85,3.6,4.33,1.91,3.6,4,2.05,3.4,3.7,1.91,3.75,4.21,1.88,3.6,4,1.91,3.5,4.3
18,Montpellier,Marseille,H,3,3.2,2.5,2.95,3.3,2.45,2.95,3.2,2.5,3.03,3.29,2.56,2.88,3.2,2.5,3,3.2,2.55
18,Nantes,Guingamp,H,1.83,3.5,4.5,1.78,3.6,4.75,1.85,3.45,4.55,1.86,3.56,4.79,1.83,3.4,4.5,1.8,3.5,5
18,St Etienne,Angers,H,1.95,3.3,4.2,2,3.4,3.9,2.05,3.35,3.8,2,3.58,4.06,2,3.5,3.7,2,3.4,4
18,Lille,Strasbourg,D,1.72,3.75,5,1.75,3.6,5,1.8,3.6,4.5,1.74,3.76,5.36,1.73,3.7,4.8,1.73,3.6,5.4
18,Angers,Montpellier,H,3,3.1,2.6,2.9,3.1,2.6,2.9,3.05,2.65,2.88,3.22,2.73,2.9,3.1,2.55,3,3,2.7
18,Guingamp,Lyon,A,5,4,1.66,5.25,4,1.65,5.1,3.9,1.67,5.16,4.01,1.71,4.5,3.9,1.73,5,4,1.7
18,Nimes,Nice,A,2.3,3.25,3.25,2.45,3.25,3,2.45,3.3,2.95,2.51,3.42,2.99,2.45,3.3,2.88,2.5,3.3,3
18,St Etienne,Reims,H,1.8,3.5,4.75,1.83,3.5,4.5,1.9,3.5,4.1,1.84,3.72,4.66,1.83,3.6,4.2,1.85,3.5,4.75
18,Toulouse,Amiens,A,2.14,3.2,3.6,2.15,3.2,3.7,2.2,3.15,3.6,2.24,3.19,3.76,2.2,3.1,3.5,2.2,3.2,3.7
18,Bordeaux,Caen,D,1.85,3.5,4.5,1.83,3.5,4.6,1.8,3.5,4.7,1.85,3.65,4.69,1.8,3.5,4.5,1.8,3.5,5
18,Marseille,Dijon,H,1.33,4.75,11,1.35,5,9.25,1.35,5.3,8,1.37,5.32,8.79,1.35,5.25,8,1.33,5.25,9.5
18,Monaco,Paris SG,A,11,6.5,1.25,11.5,7,1.22,11.5,7,1.22,9.97,7.63,1.24,11,7.5,1.2,9,7.5,1.22
18,Rennes,Nantes,D,2.14,3.3,3.6,2.15,3.2,3.7,2.1,3.25,3.65,2.16,3.21,3.99,2.2,3.1,3.5,2.15,3.25,3.75
18,Lyon,St Etienne,H,1.57,4.2,5.75,1.6,4.2,5.25,1.65,3.8,5.4,1.63,4.22,5.54,1.6,4,5.25,1.6,4.33,5.4
18,Caen,Monaco,A,3.25,3.25,2.3,3.1,3.25,2.4,3.2,3.15,2.35,3.22,3.27,2.45,3.1,3.2,2.35,3.25,3.2,2.38
18,Dijon,Bordeaux,D,2.87,3.25,2.54,2.8,3.4,2.5,2.8,3.3,2.55,2.86,3.41,2.62,2.8,3.4,2.45,2.88,3.3,2.55
18,Nantes,Angers,D,2,3.2,4.2,1.95,3.3,4.33,1.95,3.35,4.15,1.99,3.44,4.3,1.95,3.3,4,1.95,3.4,4.33
18,Paris SG,Toulouse,H,1.14,9,15,1.14,8.75,17.5,1.15,8,17,1.13,9.14,19.08,1.12,8.5,19,1.13,9.5,18
18,Reims,Guingamp,H,2,3.2,4.2,1.95,3.25,4.4,2,3.15,4.2,2.05,3.22,4.37,1.95,3.1,4.33,2,3.2,4.33
18,Strasbourg,Nimes,A,2.1,3.4,3.6,2.1,3.4,3.6,2.1,3.35,3.6,2.14,3.39,3.81,2.05,3.4,3.6,2.1,3.4,3.7
18,Amiens,Marseille,A,4.6,3.75,1.75,4.75,3.5,1.8,4.5,3.6,1.8,4.54,3.71,1.86,4.5,3.5,1.78,4.8,3.6,1.8
18,Montpellier,Rennes,D,2.3,3,3.6,2.3,3,3.5,2.25,3.05,3.6,2.28,3.2,3.64,2.2,3.1,3.5,2.25,3.1,3.7
18,Nice,Lille,H,2.6,3.1,3,2.7,3.2,2.75,2.65,3.15,2.85,2.7,3.19,2.93,2.55,3.2,2.8,2.63,3.2,2.88
18,St Etienne,Nantes,H,2.04,3.4,3.75,2.05,3.3,3.9,2,3.3,4,2.12,3.34,3.92,2.05,3.25,3.8,2.05,3.4,3.9
18,Angers,Caen,D,1.72,3.75,5,1.78,3.5,5,1.85,3.5,4.4,1.77,3.77,5.07,1.7,3.6,5.25,1.75,3.5,5.5
18,Guingamp,Nice,D,2.7,3.2,2.75,2.8,3.1,2.7,3.1,3.2,2.4,2.77,3.24,2.82,2.7,3.1,2.7,2.75,3.13,2.8
18,Lille,Lyon,D,2.75,3.3,2.6,2.85,3.4,2.45,2.7,3.4,2.55,2.79,3.43,2.67,2.7,3.3,2.6,2.75,3.4,2.6
18,Monaco,Montpellier,A,2.54,3.3,2.8,2.7,3.1,2.8,2.7,3.2,2.7,2.7,3.41,2.77,2.62,3.25,2.7,2.7,3.25,2.8
18,Nimes,Amiens,H,1.9,3.6,4.2,2,3.3,4,2.05,3.3,3.8,1.97,3.47,4.31,1.91,3.4,4.2,1.95,3.4,4.2
18,Bordeaux,Paris SG,D,10,5.5,1.28,9.25,5.75,1.3,9.3,5.7,1.3,8.86,6.02,1.32,10,5.5,1.29,11,5.75,1.29
18,Marseille,Reims,D,1.4,4.75,7.5,1.4,4.75,8.25,1.4,4.8,7.6,1.44,4.63,8.33,1.4,4.5,8,1.4,4.75,8.5
18,Rennes,Strasbourg,A,1.7,3.75,5,1.75,3.6,5,1.8,3.6,4.5,1.71,4.08,5,1.65,3.9,5,1.73,3.75,5.2
18,Toulouse,Dijon,D,2,3.4,3.75,2.1,3.3,3.75,2.05,3.35,3.7,2.12,3.47,3.77,2.05,3.3,3.7,2.05,3.4,3.8
18,Amiens,Monaco,A,2.9,3.3,2.45,2.95,3.1,2.55,2.85,3.2,2.55,3.01,3.2,2.63,2.9,3.1,2.55,3,3.2,2.55
18,Montpellier,Lille,A,2.1,3.2,3.75,2.15,3.2,3.7,2.15,3.15,3.65,2.19,3.28,3.78,2.1,3.2,3.7,2.15,3.2,3.8
18,Nice,Angers,D,2,3.2,4.2,2.05,3.1,4.25,2.05,3.2,3.95,2.09,3.21,4.22,2.05,3.1,4,2.05,3.25,4.1
18,Bordeaux,St Etienne,H,2.5,3.1,3.1,2.6,3,3,2.55,3.1,2.95,2.64,3.11,3.08,2.55,3,3,2.55,3.13,3.1
18,Caen,Nimes,A,2.8,3.1,2.75,2.75,3.1,2.75,2.75,3.2,2.65,2.84,3.27,2.72,2.75,3.2,2.62,2.8,3.2,2.7
18,Dijon,Guingamp,H,2.25,3.25,3.4,2.3,3.25,3.3,2.2,3.2,3.45,2.31,3.21,3.57,2.2,3.2,3.4,2.25,3.3,3.4
18,Lyon,Rennes,A,1.53,4.2,6.5,1.55,4.5,5.5,1.6,3.9,5.7,1.55,4.53,6.11,1.5,4.33,6,1.53,4.4,6.25
18,Nantes,Marseille,H,3.1,3.3,2.35,3.1,3.25,2.4,3.1,3.3,2.35,3.19,3.36,2.42,3.1,3.2,2.35,3.2,3.3,2.38
18,Reims,Toulouse,A,1.95,3.2,4.5,1.95,3.2,4.5,1.9,3.35,4.35,1.94,3.5,4.42,1.88,3.3,4.4,1.9,3.3,4.75
18,Strasbourg,Paris SG,D,8,5.75,1.33,8.5,5.5,1.33,8.7,5.4,1.33,8.38,5.53,1.36,9,5.25,1.32,9.5,5.5,1.33
18,Guingamp,Amiens,A,2,3.2,4.2,2,3.2,4.2,2.05,3.2,4,2.08,3.26,4.2,2.05,3.2,3.9,2,3.3,4.2
18,Rennes,Dijon,H,1.57,3.8,6.5,1.55,4,6.5,1.53,4.2,6.3,1.54,4.42,6.52,1.55,4,6,1.53,4.2,6.5
18,Lille,Reims,D,1.8,3.4,5,1.78,3.4,5.25,1.75,3.55,5.2,1.75,3.78,5.19,1.7,3.6,5.25,1.73,3.5,5.75
18,Strasbourg,Caen,D,1.75,3.5,5.25,1.75,3.6,5,1.75,3.55,5,1.77,3.63,5.32,1.73,3.5,5,1.75,3.5,5.25
18,Reims,Strasbourg,H,2.25,3.1,3.5,2.25,3.1,3.5,2.25,3.1,3.55,2.28,3.24,3.59,2.2,3.1,3.5,2.25,3.13,3.6
18,Lyon,Monaco,H,1.44,4.75,7,1.48,4.6,6.5,1.5,4.3,6.5,1.44,5.1,7.03,1.42,4.8,7,1.44,4.8,7
18,Nice,St Etienne,D,2.25,3.1,3.5,2.25,3.2,3.4,2.25,3.2,3.4,2.29,3.25,3.41,2.25,3.1,3.4,2.3,3.2,3.4
18,Nimes,Lille,A,2.5,3,3.2,2.5,3.25,2.95,2.45,3.2,3,2.5,3.37,3.05,2.45,3.25,2.9,2.45,3.3,3
18,Caen,Toulouse,H,2.5,3.1,3.1,2.45,3,3.2,2.45,3.05,3.15,2.54,3.13,3.2,2.45,3,3.1,2.5,3.1,3.2
18,Angers,Marseille,D,3.75,3.4,2.04,3.4,3.4,2.15,3.55,3.4,2.1,3.63,3.54,2.14,3.5,3.4,2.1,3.6,3.4,2.15
18,Lille,Toulouse,A,1.72,3.5,5.5,1.7,3.8,5,1.67,3.8,5.2,1.68,4,5.44,1.63,3.8,5.5,1.67,3.75,5.75
18,Monaco,Guingamp,A,1.9,3.5,4.33,1.95,3.4,4.2,1.93,3.35,4.25,1.96,3.39,4.49,1.91,3.3,4.33,1.93,3.4,4.4
18,Montpellier,Lyon,D,3.3,3.3,2.25,3.3,3.3,2.25,3.4,3.3,2.2,3.52,3.38,2.24,3.4,3.25,2.2,3.5,3.3,2.2
18,Paris SG,Nantes,H,1.14,9,15,1.12,9,21,1.12,9,20,1.12,10.1,23.78,1.1,9.5,19,1.14,8.5,20
18,Reims,Caen,D,1.8,3.5,4.75,1.72,3.5,5.5,1.73,3.45,5.6,1.76,3.44,5.92,1.7,3.4,5.5,1.75,3.4,5.75
18,Rennes,Nimes,H,1.83,3.5,4.5,1.83,3.5,4.6,1.8,3.65,4.5,1.85,3.74,4.57,1.8,3.6,4.33,1.8,3.7,4.6
18,St Etienne,Dijon,H,1.53,4.33,6,1.5,4.25,6.75,1.5,4.45,6.1,1.53,4.58,6.2,1.47,4.4,6.5,1.5,4.4,7
18,Strasbourg,Nice,H,2.37,3.2,3.1,2.4,3.1,3.2,2.4,3.15,3.1,2.5,3.18,3.21,2.4,3.1,3.1,2.45,3.13,3.2
18,Bordeaux,Amiens,D,1.61,3.75,6,1.65,3.9,5.25,1.63,3.8,5.9,1.62,3.88,6.49,1.6,3.75,6,1.62,3.8,6.25
18,Amiens,Angers,D,3.2,3,2.4,3.1,2.95,2.6,3.1,3,2.55,3.22,3.06,2.59,3.2,2.9,2.5,3.2,3,2.55
18,Nantes,Montpellier,H,2.6,3.1,2.9,2.55,3.1,3,2.6,3.05,2.95,2.68,3.11,3.02,2.6,2.9,3,2.63,3.1,3
18,Caen,Lille,A,3.8,3.25,2.1,3.7,3.2,2.15,3.7,3.2,2.15,3.77,3.37,2.16,3.6,3.2,2.1,3.75,3.13,2.2
18,Lyon,Reims,D,1.45,4.5,7.5,1.48,4.5,6.5,1.5,4.3,6.5,1.45,4.62,7.9,1.4,4.33,7.5,1.45,4.5,8
18,Amiens,Paris SG,A,17,7.5,1.16,17.5,7.5,1.16,14,6.8,1.2,17.41,7.29,1.19,17,7.5,1.15,19,7.5,1.17
18,Guingamp,St Etienne,A,2.87,3.2,2.5,2.9,3.2,2.55,2.85,3.15,2.6,2.89,3.29,2.67,2.9,3.2,2.5,2.88,3.2,2.63
18,Nice,Bordeaux,H,2.2,3.2,3.6,2.15,3,3.9,2.15,3.1,3.7,2.23,3.14,3.87,2.15,3,3.75,2.2,3.13,3.75
18,Dijon,Montpellier,D,3.25,3.3,2.3,3.3,3.3,2.25,3.3,3.2,2.3,3.38,3.34,2.32,3.25,3.2,2.25,3.4,3.25,2.3
18,Marseille,Monaco,D,1.57,4,6,1.6,4.2,5.25,1.57,4.25,5.4,1.61,4.32,5.58,1.55,4.33,5.5,1.57,4.3,5.75
18,Nantes,Rennes,A,2.55,3.3,2.8,2.55,3.25,2.85,2.6,3.25,2.8,2.68,3.28,2.88,2.6,3.2,2.75,2.63,3.25,2.8
18,Toulouse,Strasbourg,A,2.5,3.2,3,2.45,3.1,3.1,2.5,3.15,3.05,2.52,3.24,3.14,2.4,3.1,3.1,2.45,3.13,3.2
18,Angers,Bordeaux,A,2.5,3,3,2.6,3,3,2.6,3,3.05,2.66,3.01,3.16,2.5,2.9,3.1,2.6,3,3.1
18,Guingamp,Rennes,H,2.87,3.2,2.55,2.9,3.1,2.6,2.95,3.15,2.55,3,3.26,2.6,2.9,3.2,2.5,3,3.2,2.55
18,Monaco,Nice,D,2.3,3.2,3.3,2.25,3.3,3.3,2.3,3.2,3.3,2.36,3.21,3.45,2.3,3.1,3.3,2.3,3.2,3.4
18,Nimes,Nantes,H,2.37,3.25,3.1,2.35,3.2,3.25,2.35,3.25,3.15,2.4,3.27,3.31,2.3,3.2,3.2,2.3,3.3,3.25
18,St Etienne,Marseille,H,2.25,3.5,3.1,2.3,3.5,3,2.3,3.4,3.05,2.38,3.45,3.18,2.3,3.3,3.1,2.3,3.5,3.1
18,Toulouse,Lyon,D,5.25,3.75,1.66,5,3.8,1.7,4.7,3.8,1.75,4.86,3.9,1.77,4.8,3.75,1.7,5,3.8,1.73
18,Lille,Amiens,H,1.65,3.6,5.75,1.67,3.6,5.75,1.67,3.7,5.6,1.66,3.78,6.21,1.62,3.6,6,1.65,3.75,6
18,Monaco,Strasbourg,A,1.9,3.5,4,1.95,3.6,3.9,1.97,3.45,3.95,1.97,3.66,4.06,1.95,3.4,3.9,1.95,3.4,4.3
18,Nimes,Toulouse,A,1.95,3.6,3.8,2,3.4,3.9,1.97,3.5,3.8,2.01,3.67,3.9,2,3.4,3.7,2,3.5,3.9
18,Paris SG,Guingamp,H,1.1,10,26,1.08,11,29,1.1,9.1,28,1.09,12.42,34.41,1.06,12,26,1.09,11.5,26
18,Reims,Nice,D,2.25,3,3.7,2.25,3.1,3.5,2.15,3.1,3.75,2.19,3.18,3.92,2.15,3.1,3.6,2.2,3.1,3.8
18,Angers,Nantes,H,2.45,3.1,3.1,2.5,3.1,3.1,2.5,3.05,3.1,2.61,3.15,3.08,2.5,3,3,2.6,3.1,3
18,Bordeaux,Dijon,H,1.66,3.6,5.75,1.67,3.7,5.5,1.7,3.7,5.2,1.73,3.82,5.28,1.67,3.7,5.5,1.7,3.75,5.5
18,Caen,Marseille,A,4.33,3.6,1.85,4.33,3.7,1.83,4.35,3.6,1.83,4.38,3.74,1.88,4.33,3.5,1.83,4.5,3.6,1.85
18,Rennes,Montpellier,D,2.05,3.4,3.8,2.1,3.25,3.8,2.1,3.25,3.85,2.14,3.25,3.98,2.05,3.2,3.9,2.1,3.2,4
18,St Etienne,Lyon,A,3.1,3.5,2.25,3.1,3.6,2.2,3.05,3.6,2.25,3.1,3.79,2.28,3.1,3.5,2.2,3.2,3.6,2.2
18,Nimes,Angers,H,2.05,3.4,3.8,2,3.4,3.9,2,3.35,3.9,2.06,3.32,4.18,2,3.2,3.9,2.05,3.4,3.9
18,Marseille,Lille,A,2.3,3.25,3.2,2.4,3.2,3.1,2.4,3.25,3,2.5,3.22,3.19,2.4,3.2,3,2.45,3.3,3
18,Dijon,Monaco,H,2.9,3.3,2.37,3,3.4,2.35,3,3.35,2.35,3.09,3.46,2.42,3,3.3,2.38,3.1,3.4,2.38
18,Guingamp,Reims,A,2.5,3.1,3.1,2.55,2.95,3.1,2.5,3.05,3.1,2.53,3.2,3.15,2.45,3,3.1,2.5,3.1,3.2
18,Nice,Nimes,H,2.1,3.2,3.75,2.1,3.1,4,2.15,3.2,3.65,2.23,3.16,3.84,2.15,3.1,3.7,2.2,3.2,3.7
18,Strasbourg,Bordeaux,H,2.4,3.2,3.1,2.4,3.1,3.2,2.4,3.15,3.15,2.48,3.2,3.24,2.38,3.1,3.2,2.45,3.13,3.25
18,Amiens,Lyon,A,6.5,4.2,1.53,5.75,4.1,1.57,5.8,4.25,1.57,5.87,4.5,1.57,5.8,4.2,1.55,6.25,4.3,1.55
18,Montpellier,Caen,H,1.72,3.5,5.5,1.67,3.5,6,1.67,3.6,5.7,1.68,3.71,6.04,1.65,3.5,5.8,1.67,3.6,6.25
18,Paris SG,Rennes,H,1.22,6.5,12,1.22,6.75,12,1.23,6.6,11,1.22,7.03,13.75,1.2,6.5,13,1.25,6.5,12
18,Toulouse,Angers,D,2.2,3.2,3.5,2.25,3.2,3.4,2.25,3.2,3.35,2.3,3.34,3.43,2.2,3.2,3.4,2.25,3.25,3.5
18,Nantes,St Etienne,D,2.75,3.1,2.75,2.75,3.2,2.7,2.75,3.15,2.7,2.82,3.2,2.8,2.7,3.1,2.7,2.8,3.13,2.75
18,Lille,Nice,H,1.8,3.6,4.75,1.83,3.4,4.75,1.85,3.35,4.65,1.85,3.56,4.93,1.83,3.4,5,1.85,3.4,4.8
18,Angers,Dijon,H,2,3.3,4,1.95,3.4,4.1,2.05,3.35,3.7,2.03,3.55,3.96,2,3.3,3.9,2,3.4,4.1
18,Monaco,Toulouse,H,1.72,3.6,5.25,1.72,3.7,5,1.8,3.6,4.5,1.79,3.77,4.88,1.75,3.6,4.6,1.75,3.8,4.75
18,Reims,Marseille,H,2.7,3.25,2.7,2.65,3.2,2.75,2.75,3.1,2.75,2.81,3.26,2.77,2.62,3.1,2.75,2.8,3.1,2.8
18,Rennes,Amiens,H,1.6,3.75,6.5,1.6,3.75,6.25,1.6,3.85,6,1.6,3.98,6.46,1.57,3.75,6.5,1.6,3.9,6.5
18,Lyon,Paris SG,H,3.8,3.8,1.85,3.8,4,1.85,4,3.8,1.85,3.83,4.06,1.93,3.7,3.9,1.85,3.7,4,1.93
18,Nimes,Montpellier,D,2.6,3.1,2.9,2.65,3.1,2.85,2.55,3.15,2.9,2.72,3.14,2.96,2.6,3.1,2.88,2.63,3.13,2.88
18,Marseille,Bordeaux,H,2.25,3.2,3.4,2.2,3.2,3.5,2.35,3.2,3.2,2.4,3.16,3.42,2.3,3.1,3.3,2.3,3.25,3.3
18,Dijon,Marseille,A,4.33,3.5,1.85,4.1,3.5,1.91,3.8,3.4,2,4.18,3.71,1.93,4.2,3.6,1.91,4.2,3.6,1.9
18,Amiens,Caen,H,2.1,3.1,4,2.05,3.1,4.1,2.05,3.15,3.95,2.09,3.22,4.23,2.05,3.2,4.2,2.05,3.2,4.2
18,Paris SG,Bordeaux,H,1.25,6.5,11,1.25,6.25,11.5,1.25,6.5,10,1.25,6.46,12.77,1.25,6.5,11,1.25,6.25,12
18,Strasbourg,Angers,A,2.05,3.2,4,2,3.2,4.2,2,3.25,4.15,2.06,3.27,4.27,2,3.3,4.2,2.05,3.2,4.2
18,Guingamp,Lille,A,3.4,3.3,2.2,3.4,3.3,2.2,3.35,3.25,2.2,3.5,3.39,2.25,3.5,3.3,2.2,3.4,3.3,2.25
18,Montpellier,Monaco,D,2.45,3.1,3.1,2.45,3.1,3.1,2.4,3.15,3.1,2.48,3.19,3.24,2.45,3.1,3.2,2.45,3.13,3.2
18,Nantes,Nimes,A,1.9,3.3,4.2,2,3.4,3.9,1.97,3.35,4,2,3.57,4.04,1.95,3.5,4.2,2,3.3,4.2
18,Nice,Lyon,H,4.75,4,1.7,4.4,4.1,1.72,4.7,3.95,1.7,4.53,4.39,1.72,4.6,4.2,1.7,4.8,4,1.73
18,Rennes,St Etienne,H,2.15,3.4,3.4,2.1,3.4,3.6,2.1,3.4,3.6,2.1,3.57,3.72,2.05,3.5,3.7,2.1,3.4,3.7
18,Toulouse,Reims,D,2.75,3,2.8,2.75,2.95,2.9,2.7,3,2.85,2.8,3.1,2.9,2.75,3,2.88,2.8,3,2.88
18,Caen,Nantes,A,3,3.1,2.5,3,3.1,2.55,3.1,3.05,2.5,3.23,3.19,2.49,3,3.1,2.45,3.13,3.1,2.5
18,St Etienne,Strasbourg,H,1.95,3.3,4,2,3.4,3.9,2,3.4,3.85,2.02,3.57,3.96,2,3.4,3.75,2,3.5,3.9
18,Lyon,Guingamp,H,1.3,5.25,10,1.28,6,10,1.3,5.5,9.6,1.32,5.86,9.64,1.29,5.8,9.5,1.29,6,10.5
18,Nimes,Dijon,H,1.75,3.8,4.5,1.75,3.9,4.5,1.85,3.5,4.4,1.79,3.96,4.58,1.78,3.7,4.33,1.8,3.8,4.5
18,Angers,Nice,H,2.4,3,3.3,2.45,3,3.25,2.4,3,3.3,2.44,3.08,3.44,2.35,3,3.3,2.4,3,3.4
18,Marseille,Amiens,H,1.4,4.5,9,1.45,4.25,8,1.45,4.4,7.2,1.42,4.93,8.1,1.38,4.6,8.5,1.4,4.6,9
18,Monaco,Nantes,H,1.8,3.6,4.5,1.83,3.6,4.4,1.85,3.5,4.4,1.89,3.64,4.44,1.78,3.7,4.33,1.83,3.6,4.6
18,Bordeaux,Toulouse,H,1.83,3.5,4.75,1.9,3.3,4.5,1.85,3.5,4.4,1.91,3.33,4.93,1.85,3.2,4.75,1.87,3.3,5
18,Caen,Strasbourg,D,3.5,3.1,2.3,3.3,3,2.4,3.4,3,2.35,3.47,3.07,2.43,3.3,3,2.35,3.5,3,2.38
18,Lille,Montpellier,D,1.85,3.3,4.75,1.9,3.3,4.5,1.87,3.3,4.6,1.91,3.42,4.73,1.85,3.25,4.75,1.87,3.3,5
18,Reims,Rennes,H,2.5,3.1,3.1,2.4,3.1,3.2,2.4,3.05,3.25,2.43,3.16,3.37,2.35,3.1,3.2,2.45,3.1,3.25
18,St Etienne,Paris SG,A,5.25,4.33,1.6,5.25,4.1,1.62,4.9,4.3,1.63,5.11,4.41,1.65,5.25,4.2,1.6,5.4,4.33,1.6
18,Bordeaux,Guingamp,D,1.9,3.4,4.33,1.9,3.5,4.25,1.9,3.35,4.35,1.96,3.44,4.43,1.91,3.4,4.2,,,
18,Paris SG,Montpellier,H,1.25,6,12,1.25,6,11.5,1.28,5.7,10.5,1.26,6.04,13.21,1.24,5.8,12,1.25,6,13
18,Dijon,St Etienne,A,3.5,3.3,2.15,3.25,3.45,2.2,3.25,3.35,2.25,3.35,3.43,2.3,3.2,3.3,2.25,3.3,3.4,2.25
18,Strasbourg,Lille,D,2.75,3.1,2.7,2.8,3.1,2.7,2.8,3.1,2.65,2.97,3.18,2.68,2.88,3.1,2.6,2.88,3.1,2.7
18,Amiens,Nice,H,2.7,2.9,3,2.7,3,2.85,2.7,2.95,2.95,2.75,2.97,3.08,2.7,2.9,2.9,2.75,2.9,3
18,Guingamp,Angers,H,2.5,3.2,3,2.5,3.1,3.1,2.55,3.05,3,2.63,3.16,3.05,2.55,3.1,2.9,2.6,3.1,3
18,Paris SG,Nimes,H,1.25,6.5,11,1.22,6.75,12.5,1.25,6.5,10.5,1.23,7,12.87,1.22,6.5,12,1.22,6.5,13
18,Monaco,Lyon,H,3.4,3.5,2.1,3.25,3.5,2.2,3.15,3.6,2.2,3.3,3.64,2.23,3.2,3.6,2.15,3.25,3.6,2.2
18,Montpellier,Reims,A,2.2,3.2,3.5,2.2,3.1,3.6,2.3,3,3.55,2.37,3.03,3.66,2.25,3,3.5,2.3,3,3.7
18,Nantes,Bordeaux,H,1.95,3.4,4.2,2,3.25,4.1,2,3.2,4.1,2.01,3.45,4.2,1.95,3.3,4.2,2,3.3,4.33
18,Rennes,Marseille,D,2.9,3.3,2.45,2.95,3.2,2.5,2.85,3.3,2.5,2.87,3.38,2.63,2.8,3.3,2.5,2.9,3.3,2.55
18,Toulouse,Caen,D,1.85,3.5,4.5,1.85,3.4,4.6,1.85,3.4,4.65,1.86,3.6,4.7,1.8,3.4,4.75,1.85,3.3,5
18,Angers,Monaco,D,3.3,3.3,2.25,3.3,3.2,2.3,3.3,3.25,2.25,3.36,3.32,2.34,3.25,3.2,2.25,3.4,3.2,2.3
18,Caen,Paris SG,A,12,6,1.22,10,6,1.28,10.5,6,1.27,10.85,6.17,1.28,10,5.8,1.27,10.5,6,1.25
18,Reims,Amiens,D,1.75,3.4,5.25,1.8,3.3,5.25,1.77,3.3,5.3,1.82,3.38,5.46,1.78,3.3,5.25,1.8,3.3,5.5
18,Guingamp,Nantes,D,2.8,3,2.8,2.8,2.95,2.8,2.8,3,2.75,2.93,3.06,2.81,2.75,3.1,2.7,2.9,3,2.75
18,Lille,Dijon,H,1.53,3.8,7.5,1.55,3.9,6.75,1.53,4.15,6.4,1.51,4.42,7.03,1.5,4.2,6.5,1.5,4.3,7
18,Lyon,Toulouse,H,1.28,5.5,10,1.3,5.5,10,1.31,5.6,9.1,1.3,5.92,10.51,1.27,5.5,11,1.29,5.75,11.5
18,Marseille,St Etienne,H,1.75,3.75,4.5,1.8,3.75,4.4,1.83,3.7,4.3,1.8,3.86,4.71,1.75,3.7,4.5,1.8,3.75,4.6
18,Nice,Strasbourg,H,2.3,2.9,3.6,2.4,2.95,3.4,2.35,3,3.45,2.42,3.04,3.53,2.35,2.9,3.4,2.38,3,3.5
18,Bordeaux,Montpellier,A,2.5,2.9,3.3,2.45,3,3.2,2.55,2.9,3.15,2.53,3.07,3.29,2.45,3,3.1,2.55,3,3.2
18,Amiens,Nimes,H,2.45,3.2,3.1,2.5,3.2,2.95,2.5,3.15,3,2.62,3.3,2.95,2.5,3.2,2.88,2.55,3.2,3
18,Dijon,Reims,D,3.1,3.1,2.45,3.1,3,2.55,3,3.1,2.55,3.08,3.2,2.58,3,3.1,2.5,3.1,3.1,2.55
18,Monaco,Bordeaux,D,1.61,4,5.25,1.67,3.7,5.5,1.67,3.85,5.2,1.65,4.21,5.41,1.62,4,5.25,1.65,3.9,5.75
18,Strasbourg,Lyon,D,4.75,3.8,1.75,4.5,3.7,1.8,4.35,3.75,1.8,4.44,3.99,1.81,4.2,3.75,1.8,4.5,3.8,1.8
18,Marseille,Nice,H,1.5,4.5,6,1.55,4.2,6,1.55,4.15,6.2,1.54,4.48,6.28,1.5,4.2,6.5,1.53,4.1,7
18,Montpellier,Angers,D,2.1,3.1,4,2.1,3.2,3.9,2.1,3.15,3.95,2.12,3.29,4,2.05,3.2,3.9,2.1,3.13,4.1
18,Rennes,Caen,H,1.61,3.6,6.5,1.57,3.8,6.75,1.6,3.8,6.2,1.62,3.89,6.49,1.57,3.7,6.5,1.57,3.8,7
18,St Etienne,Lille,A,2.45,3.3,3,2.35,3.3,3.1,2.4,3.25,3.05,2.45,3.34,3.15,2.35,3.2,3.1,2.4,3.3,3.1
18,Toulouse,Guingamp,H,2.15,3.2,3.5,2.15,3.25,3.6,2.25,3.1,3.55,2.29,3.22,3.59,2.15,3.2,3.5,2.25,3.13,3.6
18,Dijon,Paris SG,A,13,7,1.2,13,7.5,1.19,13,7,1.2,12.53,7.31,1.22,13,7.5,1.18,13,7.5,1.2
18,Lille,Monaco,A,2.1,3.2,3.8,2.05,3.3,3.8,2.05,3.35,3.75,2.08,3.46,3.89,2.05,3.3,3.75,2.1,3.3,3.9
18,Nice,Toulouse,D,2.05,3.1,4,2.15,3.1,3.8,2.15,3.15,3.7,2.21,3.21,3.83,2.15,3.1,3.7,2.15,3.25,3.75
18,Angers,Amiens,D,2.1,3.1,4,2.1,3.2,3.9,2.05,3.15,4,2.13,3.21,4.1,2.05,3.1,4,2.1,3.13,4.1
18,Caen,St Etienne,A,3.7,3.1,2.2,3.5,3.25,2.2,3.5,3.15,2.25,3.56,3.21,2.31,3.5,3.1,2.2,3.5,3.2,2.25
18,Guingamp,Dijon,H,2.1,3.1,4,2.2,3.1,3.6,2.15,3.1,3.7,2.24,3.17,3.8,2.2,3.1,3.6,2.2,3.1,3.8
18,Nimes,Strasbourg,D,2.37,3.2,3.2,2.35,3.25,3.2,2.35,3.2,3.15,2.39,3.36,3.25,2.35,3.2,3.1,2.38,3.25,3.2
18,Bordeaux,Rennes,D,2.62,3,2.9,2.7,2.9,2.95,2.65,3.05,2.95,2.7,3.13,2.98,2.62,3,2.88,2.7,3.1,2.9
18,Lyon,Montpellier,H,1.4,4.33,8.5,1.48,4.5,6.5,1.47,4.4,6.8,1.46,4.8,7.23,1.44,4.5,7,1.44,4.75,7.5
18,Paris SG,Marseille,H,1.28,6,9.5,1.28,6.25,9.5,1.27,6,10,1.3,6.1,9.83,1.27,5.8,10,1.29,6,10.5
18,Reims,Nantes,H,2.15,3,4,2.2,3.1,3.6,2.2,3.05,3.7,2.23,3.15,3.86,2.15,3.1,3.7,2.25,3,3.75
18,Rennes,Lyon,A,4,3.6,1.9,3.7,3.7,1.95,3.6,3.6,2,3.74,3.8,2.02,3.7,3.6,1.95,3.6,3.8,2
18,Marseille,Angers,D,1.53,3.75,7.5,1.53,3.9,7.25,1.5,4.1,7,1.53,4.22,7.11,1.52,4,6.5,1.53,4.1,7
18,Amiens,Bordeaux,D,2.5,3.1,3.1,2.7,2.95,2.95,2.65,2.95,2.95,2.73,3.04,3.04,2.62,3,2.88,2.7,3,3
18,Dijon,Nice,A,2.4,3.1,3.2,2.55,3,3.1,2.55,3,3,2.6,3.11,3.15,2.55,3,3,2.6,3,3.1
18,Monaco,Caen,A,1.36,4.75,9.5,1.35,5.25,8.25,1.4,4.8,7.6,1.33,5.19,10.96,1.3,5.25,10,1.36,5,10
18,Nantes,Lille,A,3,3.1,2.55,3,2.95,2.65,2.95,3,2.65,3.06,3.12,2.65,3,3,2.55,3,3.1,2.63
18,Toulouse,Paris SG,A,10,6.5,1.25,11,6,1.26,11,6.1,1.25,10.15,6.05,1.3,11,5.8,1.25,11.5,6.25,1.25
18,St Etienne,Nimes,H,1.75,3.75,4.75,1.78,3.8,4.4,1.77,3.75,4.45,1.81,3.85,4.61,1.75,3.75,4.5,1.75,3.9,4.75
18,Montpellier,Guingamp,H,1.75,3.4,5.25,1.8,3.4,5,1.8,3.4,4.85,1.81,3.51,5.22,1.78,3.4,5,1.8,3.4,5.2
18,Strasbourg,Reims,H,2.62,3.1,2.9,2.65,2.95,3,2.75,3.05,2.75,2.66,3.16,3.01,2.6,3,2.9,2.7,3,3
18,Bordeaux,Marseille,H,3.6,3.4,2.1,3.4,3.3,2.2,3.55,3.25,2.15,3.65,3.36,2.2,3.5,3.25,2.15,3.7,3.3,2.15
18,Amiens,St Etienne,D,3,3.1,2.55,2.95,3.1,2.55,2.95,3.05,2.55,2.99,3.17,2.67,3,3,2.55,3,3.1,2.6
18,Angers,Rennes,D,2.7,3.2,2.7,2.7,3.2,2.7,2.75,3.1,2.75,2.85,3.21,2.76,2.7,3.1,2.7,2.75,3.13,2.8
18,Guingamp,Monaco,D,3.75,3.4,2.05,3.6,3.25,2.15,3.65,3.2,2.15,3.83,3.28,2.17,3.6,3.25,2.1,3.75,3.25,2.15
18,Lyon,Dijon,A,1.22,7,11,1.22,6.75,12,1.2,6.5,15,1.23,6.96,12.86,1.2,6.5,13,1.22,6.5,15
18,Nimes,Caen,H,1.65,3.8,5.5,1.7,3.75,5,1.7,3.75,5.1,1.69,3.89,5.5,1.67,3.7,5.25,1.7,3.8,5.5
18,Nice,Montpellier,H,2.62,3,3,2.6,3.1,2.9,2.7,2.95,2.9,2.8,3.02,2.97,2.7,2.9,2.88,2.75,3,2.9
18,Paris SG,Strasbourg,D,1.1,11,21,1.12,9.5,18.5,1.12,9,20,1.14,9.55,17.82,1.11,9.5,19,1.12,10,22
18,Reims,Lille,D,2.9,3.1,2.62,3,3,2.6,3,3,2.55,2.96,3.1,2.75,2.9,3,2.6,2.9,3.1,2.7
18,Toulouse,Nantes,H,2.4,3.1,3.2,2.45,3.1,3.1,2.5,3.05,3.1,2.58,3.12,3.16,2.45,3,3.1,2.5,3.13,3.13
18,Nimes,Rennes,H,2.7,3.25,2.7,2.75,3.3,2.6,2.7,3.35,2.6,2.81,3.46,2.63,2.7,3.3,2.6,2.75,3.4,2.6
18,Dijon,Amiens,D,2.3,3.1,3.4,2.4,3.1,3.2,2.4,3.05,3.25,2.45,3.17,3.32,2.35,3.1,3.2,2.38,3.1,3.4
18,Nantes,Lyon,H,3.75,4,1.83,4.2,3.8,1.83,4.3,3.8,1.8,4.19,3.78,1.91,4,3.7,1.85,4.2,3.75,1.87
18,Caen,Angers,A,3.1,3,2.55,3.1,3.1,2.5,2.85,3,2.7,3.18,3.07,2.6,3,3,2.55,3.1,3,2.6
18,Marseille,Nimes,H,1.57,4.33,5.5,1.57,4.25,5.5,1.57,4.3,5.3,1.58,4.45,5.78,1.55,4.33,5.5,1.57,4.3,5.75
18,Monaco,Reims,D,1.9,3.4,4,1.91,3.3,4.4,1.95,3.4,4.05,1.94,3.4,4.58,1.85,3.4,4.4,1.9,3.4,4.6
18,Strasbourg,Guingamp,D,2,3.25,4.2,2,3.25,4.1,2.15,3.25,3.5,2.02,3.28,4.41,1.95,3.2,4.2,2,3.2,4.4
18,Lille,Paris SG,H,4.33,4,1.72,4.25,3.9,1.78,4.35,3.9,1.77,4.55,3.99,1.79,4.4,3.8,1.75,4.6,4,1.75
18,Montpellier,Toulouse,H,1.85,3.4,4.75,1.9,3.3,4.5,1.87,3.35,4.6,1.91,3.4,4.78,1.85,3.3,4.6,1.87,3.4,4.75
18,Rennes,Nice,D,1.8,3.6,4.5,1.85,3.4,4.6,1.9,3.4,4.25,1.85,3.53,4.9,1.83,3.4,4.6,1.83,3.4,5
18,St Etienne,Bordeaux,H,1.72,3.6,5.25,1.75,3.5,5.25,1.75,3.6,4.9,1.77,3.77,5.05,1.73,3.6,5,1.73,3.7,5.2
18,Nantes,Paris SG,H,4.5,4.2,1.7,4.5,4.2,1.7,4.4,4.2,1.7,4.52,4.26,1.75,4.5,4,1.7,4.75,4.2,1.7
18,Dijon,Rennes,H,2.87,3.3,2.5,2.8,3.2,2.6,2.65,3.3,2.65,2.85,3.34,2.68,2.75,3.2,2.6,2.8,3.3,2.63
18,Lyon,Angers,H,1.3,5.5,10,1.3,5.5,10,1.3,5.5,9.6,1.31,5.67,10.3,1.3,5.5,9.5,1.33,5.5,10
18,Guingamp,Marseille,A,4,3.6,1.9,4.33,3.5,1.87,4.25,3.4,1.9,4.26,3.54,1.96,4.2,3.4,1.88,4.5,3.4,1.91
18,Nice,Caen,A,1.83,3.3,5,1.8,3.3,5.25,1.8,3.3,5.2,1.83,3.3,5.59,1.78,3.2,5.25,1.8,3.3,5.5
18,Nimes,Bordeaux,H,2.15,3.4,3.4,2.1,3.25,3.75,2.15,3.3,3.55,2.2,3.33,3.7,2.15,3.25,3.5,2.15,3.3,3.7
18,Strasbourg,Montpellier,A,2.6,3.1,3,2.55,3.2,2.9,2.7,3.2,2.7,2.67,3.29,2.89,2.55,3.1,2.9,2.6,3.2,2.9
18,Nantes,Amiens,H,1.95,3.25,4.33,1.95,3.2,4.4,2.05,3.05,4.2,1.98,3.16,4.86,1.95,3.1,4.5,1.95,3.2,4.6
18,Paris SG,Monaco,H,1.5,4.5,6.5,1.53,4.5,5.75,1.53,4.7,5.4,1.51,5,5.86,1.47,4.75,5.8,1.5,4.8,6.25
18,Reims,St Etienne,A,2.5,3.1,3.1,2.55,3,3.1,2.7,3.2,2.7,2.63,3.19,3.02,2.5,3.1,3,2.6,3.13,3
18,Toulouse,Lille,D,3.75,3.1,2.15,3.5,3.3,2.15,3.45,3.25,2.2,3.52,3.43,2.22,3.4,3.3,2.15,3.5,3.3,2.2
18,Bordeaux,Lyon,A,5.25,3.75,1.7,5,4,1.67,4.9,4.05,1.67,4.92,4.16,1.71,4.8,4,1.65,5.2,4,1.67
18,Amiens,Strasbourg,D,2.1,3.1,3.75,2.1,3.2,3.8,2.1,3.3,3.65,2.15,3.51,3.65,2.1,3.3,3.6,2.1,3.3,3.8
18,Angers,Reims,D,2.5,3.1,2.9,2.5,3.1,2.9,2.6,3.1,2.95,2.65,3.19,2.99,2.55,3.1,2.88,2.63,3.13,3
18,Caen,Dijon,H,2.8,3.1,2.62,2.75,3.2,2.7,2.8,3.1,2.7,2.88,3.24,2.71,2.8,3.1,2.62,2.9,3.1,2.7
18,Lille,Nimes,H,1.5,4,6.5,1.53,4.1,6.75,1.5,4.3,6.3,1.5,4.62,6.81,1.47,4.33,6.5,1.5,4.33,7
18,Marseille,Nantes,A,1.5,3.8,7.5,1.5,4.2,7,1.53,4.15,6.5,1.51,4.47,6.81,1.47,4.2,7,1.5,4.2,7.5
18,Nice,Guingamp,H,2,3.2,4,2,3.25,4.1,2.1,3.15,4,2.14,3.1,4.24,2.05,3.1,4,2.1,3.13,4.1
18,St Etienne,Toulouse,H,1.5,4,6.5,1.53,4.1,6.5,1.5,4.35,6.3,1.5,4.66,6.65,1.47,4.33,6.5,1.5,4.33,7
18,Montpellier,Paris SG,H,4.33,3.6,1.83,3.8,3.8,1.91,3.85,3.8,1.9,3.93,3.91,1.93,3.8,3.75,1.88,4,3.8,1.9
18,Rennes,Monaco,D,3.5,3.3,2.15,3.1,3.5,2.25,3.15,3.4,2.25,3.18,3.74,2.26,3.1,3.6,2.2,3.3,3.4,2.25
18,Strasbourg,Marseille,D,3.8,3.5,2,3.75,3.5,2,3.8,3.5,1.97,3.96,3.66,2,3.8,3.5,1.95,4,3.6,1.95
18,Bordeaux,Angers,A,2.25,3.1,3.5,2.4,3.1,3.2,2.35,3.1,3.25,2.43,3.07,3.44,2.3,3,3.4,2.4,3.13,3.3
18,Guingamp,Caen,D,1.9,3.3,4.5,1.87,3.4,4.5,1.87,3.35,4.6,1.91,3.58,4.47,1.85,3.4,4.4,1.9,3.4,4.6
18,Paris SG,Nice,D,1.25,6,11,1.22,6.5,13,1.25,6.4,10.5,,,,1.22,6.5,12,1.22,6.5,13
18,Reims,Nimes,A,1.95,3.5,4,1.95,3.3,4.25,1.97,3.45,3.9,1.99,3.43,4.28,1.95,3.4,4,1.95,3.5,4.1
18,Lyon,Lille,D,1.66,4,5,1.7,4,4.75,1.67,4.1,4.65,1.69,4.17,5.04,1.67,3.9,4.8,1.7,4,5
18,Monaco,St Etienne,A,2.4,3.5,2.87,2.4,3.5,2.9,2.4,3.45,2.9,2.36,3.8,2.95,2.35,3.5,2.88,2.38,3.5,3
18,Montpellier,Amiens,D,1.72,3.75,5,1.75,3.6,5,1.75,3.6,4.9,1.75,3.78,5.16,1.7,3.6,5.25,1.73,3.6,5.5
18,Nantes,Dijon,H,1.9,3.5,4.2,1.9,3.4,4.4,1.9,3.45,4.2,1.92,3.6,4.4,1.88,3.4,4.2,1.9,3.5,4.4
18,Toulouse,Rennes,D,2.3,3.3,3.25,2.3,3.3,3.2,2.25,3.35,3.2,2.32,3.43,3.29,2.3,3.3,3.1,2.3,3.4,3.25
18,St Etienne,Montpellier,A,1.75,3.8,4.75,1.75,3.75,4.75,1.73,3.9,4.6,1.75,3.85,5.04,1.7,3.8,4.75,1.73,4,4.8
18,Amiens,Toulouse,D,2.3,3.2,3.3,2.35,3,3.4,2.3,3.05,3.4,2.39,3.06,3.57,2.3,3,3.4,2.38,3.13,3.3
18,Angers,Paris SG,A,6,4.33,1.53,5.75,4.5,1.53,5.3,4.5,1.55,5.62,4.65,1.57,5.8,4.4,1.52,6,4.5,1.53
18,Caen,Reims,H,2.4,3.1,3.1,2.45,3,3.2,2.5,3,3.2,2.6,3.02,3.24,2.45,3.1,3,2.55,3,3.2
18,Dijon,Strasbourg,H,2.05,3.5,3.6,2,3.4,3.9,2,3.4,3.85,2.01,3.63,3.94,1.95,3.5,3.8,2,3.4,4
18,Nice,Nantes,D,2.5,3.1,3.1,2.45,3.1,3.1,2.5,3.15,2.95,2.63,3.22,3,2.5,3.1,3,2.55,3.2,3
18,Nimes,Monaco,H,3.4,3.8,2.05,3.4,3.6,2.1,3.45,3.75,2.05,3.47,3.77,2.12,3.3,3.7,2.05,3.4,3.7,2.1
18,Lille,Bordeaux,H,1.4,4.75,8,1.42,4.4,8.5,1.43,4.75,7,1.42,4.88,8.04,1.38,4.6,8.5,1.4,4.8,8.5
18,Marseille,Lyon,A,3,3.8,2.2,3,3.8,2.2,3,3.75,2.2,3.04,4,2.24,3,3.8,2.15,3.13,3.75,2.2
18,Rennes,Guingamp,D,1.95,3.5,4,1.91,3.7,3.9,1.95,3.6,3.85,2,3.81,3.8,1.91,3.6,3.8,1.95,3.6,4
18,Bordeaux,Reims,A,2.37,3.1,3.3,2.3,3.2,3.3,2.3,3.2,3.25,2.39,3.26,3.33,2.3,3.2,3.2,2.38,3.2,3.3
18,Guingamp,Nimes,D,2.8,3.4,2.5,2.65,3.5,2.6,2.65,3.5,2.55,2.69,3.68,2.63,2.62,3.5,2.55,2.7,3.5,2.6
18,Lille,Angers,H,1.53,4,7,1.57,4.1,6,1.55,4.15,6,1.56,4.29,6.39,1.5,4.2,6.5,1.55,4.2,6.5
18,Lyon,Caen,H,1.2,7,13,1.2,7,13,1.21,6.9,12.5,1.21,7.37,14.3,1.2,7,13,1.22,7,12
18,Monaco,Amiens,H,1.61,3.8,6,1.62,3.9,5.75,1.65,3.8,5.5,1.63,4,6.04,1.6,3.8,5.8,1.62,3.9,6
18,Montpellier,Nantes,D,1.8,3.8,4.33,1.83,3.75,4.2,1.83,3.75,4.2,1.87,3.88,4.27,1.8,3.75,4.2,1.83,3.75,4.4
18,Paris SG,Dijon,H,1.3,5.5,10,1.3,6,8.75,1.3,6,8.8,1.3,6.3,9.43,1.25,5.8,11,1.25,6,12
18,St Etienne,Nice,H,1.57,4,6,1.6,4.2,5.25,1.6,4.15,5.5,1.6,4.28,5.84,1.6,4,5.5,1.6,4.1,5.75
18,Strasbourg,Rennes,A,2.3,3.3,3.25,2.3,3.4,3.1,2.3,3.55,3.05,2.31,3.71,3.09,2.25,3.5,3,2.25,3.6,3.13
18,Toulouse,Marseille,A,3.4,3.3,2.2,3.25,3.4,2.25,3.25,3.45,2.2,3.31,3.5,2.28,3.2,3.4,2.2,3.25,3.5,2.25
18,Amiens,Guingamp,H,1.53,4,6.5,1.53,4,6.75,1.57,4,6.2,1.55,4.1,7.02,1.52,3.9,7,1.53,4.1,7
18,Angers,St Etienne,D,2.62,3.4,2.62,2.55,3.6,2.6,2.55,3.6,2.6,2.61,3.77,2.66,2.55,3.6,2.55,2.55,3.7,2.63
18,Caen,Bordeaux,A,1.72,3.6,5.25,1.75,3.6,5,1.77,3.55,5,1.76,3.67,5.37,1.7,3.5,5.25,1.73,3.6,5.5
18,Dijon,Toulouse,H,1.5,4.5,6,1.5,4.4,6.25,1.53,4.5,5.8,1.52,4.74,6.16,1.5,4.4,6,1.5,4.6,6.25
18,Marseille,Montpellier,H,1.85,4.2,3.75,1.83,4,4,1.85,3.95,3.85,1.91,4.05,3.92,1.83,3.9,3.9,1.87,4,3.9
18,Nantes,Strasbourg,A,1.65,3.8,5.5,1.67,4.1,4.75,1.7,4.1,4.6,1.71,4.18,4.89,1.65,4,4.8,1.67,4.1,5
18,Nice,Monaco,H,3.1,3.5,2.25,3.25,3.5,2.2,3.25,3.4,2.2,3.31,3.52,2.28,3.2,3.4,2.2,3.3,3.4,2.25
18,Nimes,Lyon,A,3.4,3.8,2,3.2,4,2.05,3.1,4.2,2.05,3.25,4.12,2.1,3.2,4,2,3.2,4.2,2.05
18,Reims,Paris SG,H,6.5,5,1.45,6.5,5.25,1.42,5.6,5,1.48,5.81,5.17,1.5,5.8,5,1.44,5.75,4.8,1.44
18,Rennes,Lille,H,2.62,3.6,2.5,2.7,3.6,2.5,2.6,3.7,2.5,2.64,3.89,2.57,2.6,3.7,2.5,2.63,3.75,2.55
